{"cameraMode":{"drawMode":0,"name":"Shaded","section":"Shading Mode"},"sceneLighting":false,"audioPlay":false,"sceneViewState":{"m_AlwaysRefresh":false,"showFog":true,"showSkybox":false,"showFlares":true,"showImageEffects":true,"showParticleSystems":true,"showVisualEffectGraphs":true,"m_FxEnabled":true},"in2DMode":false,"pivot":{"x":1130.8248291015625,"y":736.722900390625,"z":-785.18896484375},"rotation":{"x":0.0021897507831454279,"y":0.023095114156603814,"z":0.000049330781621392816,"w":-0.9997445344924927},"size":660.5545043945313,"orthographic":false}