{"cameraMode":{"drawMode":0,"name":"Shaded","section":"Shading Mode"},"sceneLighting":true,"audioPlay":false,"sceneViewState":{"m_AlwaysRefresh":false,"showFog":true,"showSkybox":true,"showFlares":true,"showImageEffects":true,"showParticleSystems":true,"showVisualEffectGraphs":true,"m_FxEnabled":true},"in2DMode":false,"pivot":{"x":-1.7454348802566529,"y":1.2807948589324952,"z":-3.039659023284912},"rotation":{"x":0.18543052673339845,"y":0.13804839551448823,"z":-0.026320740580558778,"w":0.9725714325904846},"size":0.8660253882408142,"orthographic":false}