{"cameraMode":{"drawMode":0,"name":"Shaded","section":"Shading Mode"},"sceneLighting":true,"audioPlay":false,"sceneViewState":{"m_AlwaysRefresh":false,"showFog":true,"showSkybox":true,"showFlares":true,"showImageEffects":true,"showParticleSystems":true,"showVisualEffectGraphs":true,"m_FxEnabled":true},"in2DMode":false,"pivot":{"x":-5.702472686767578,"y":1.6042091846466065,"z":-1.6965142488479615},"rotation":{"x":0.11370458453893662,"y":0.38005563616752627,"z":-0.04713822528719902,"w":0.9167552590370178},"size":0.8660253882408142,"orthographic":false}