{"cameraMode":{"drawMode":0,"name":"Shaded","section":"Shading Mode"},"sceneLighting":true,"audioPlay":false,"sceneViewState":{"m_AlwaysRefresh":false,"showFog":true,"showSkybox":true,"showFlares":true,"showImageEffects":true,"showParticleSystems":true,"showVisualEffectGraphs":true,"m_FxEnabled":true},"in2DMode":false,"pivot":{"x":-0.006573814898729324,"y":4.930830478668213,"z":1.1098984479904175},"rotation":{"x":0.41705280542373659,"y":0.5769705772399902,"z":-0.4389955997467041,"w":0.5481753349304199},"size":0.3600483536720276,"orthographic":false}